,Manufacturer,Name,Headsize (sq_inch),Length (inn),Strung Weight (oz),Balance,Swingweight,Beamwidth,Power Level,Stiffness,Stringing Pattern,HL or HH,Points of Balance
1,Babolat,Babolat Pure Storm Team,98,27.0,11.0,3pts HL,326,21.0,0,64,16 Mains/20 Crosses,Head Light,3
3,Babolat,Babolat Pure Storm Team MP,103,27.0,10.7,1pts HH,329,22.5,1,67,16 Mains/20 Crosses,Head Heavy,1
4,Babolat,Babolat Pure Control Team Plus Midplus,100,27.5,11.6,8pts HL,338,21.5,0,64,16 Mains/20 Crosses,Head Light,8
7,Babolat,Babolat Pure Storm Tour Plus,98,27.5,11.8,9pts HL,336,21.0,0,62,16 Mains/20 Crosses,Head Light,9
8,Babolat,Babolat Drive Z Oversize,110,27.5,10.1,5pts HH,327,27.0,2,64,16 Mains/20 Crosses,Head Heavy,5
9,Babolat,Babolat Pure Storm Tour,98,27.0,11.8,6pts HL,333,21.0,0,63,16 Mains/20 Crosses,Head Light,6
10,Babolat,Babolat Pure Drive Plus Cortex,100,27.5,11.2,5pts HL,338,23.0,0,70,16 Mains/19 Crosses,Head Light,5
11,Babolat,Babolat Pure Drive 110,110,27.5,10.8,0pts EB,329,27.0,1,67,16 Mains/20 Crosses,Head Heavy,0
12,Babolat,Babolat  Pure Storm,98,27.0,10.9,3pts HL,312,21.0,0,62,16 Mains/20 Crosses,Head Light,3
15,Babolat,Babolat Pure Drive Oversize,110,27.5,10.3,2pts HL,325,27.0,1,69,16 Mains/20 Crosses,Head Light,2
18,Babolat,Babolat Pure Drive Roddick Plus,100,27.5,11.7,5pts HL,340,26.0,0,71,16 Mains/19 Crosses,Head Light,5
20,Babolat,Babolat Drive Z 110,110,27.5,9.8,6pts HH,321,27.0,2,66,16 Mains/20 Crosses,Head Heavy,6
25,Babolat,Babolat Pure Drive Roddick,100,27.0,11.7,5pts HL,330,26.0,0,71,16 Mains/19 Crosses,Head Light,5
26,Babolat,Babolat Pure Power Zylon 360,102,27.0,10.5,2pts HL,306,22.5,0,68,16 Mains/20 Crosses,Head Light,2
27,Babolat,Babolat Drive Z 118,118,27.5,9.9,5pts HH,319,28.0,2,68,16 Mains/20 Crosses,Head Heavy,5
28,Babolat,Babolat Pure Drive 107 GT,107,27.2,10.3,3pts HL,313,25.0,0,69,16 Mains/19 Crosses,Head Light,3
29,Babolat,Babolat Pure Drive Roddick Junior (4-1/8),100,26.5,9.9,1pts HH,298,26.0,1,62,16 Mains/19 Crosses,Head Heavy,1
30,Babolat,Babolat VS NCT Control,104,27.2,9.6,4pts HH,298,22.0,1,68,16 Mains/18 Crosses,Head Heavy,4
34,Babolat,Babolat Pure Drive Roddick Junior (4 Even),100,26.5,9.8,0pts EB,290,27.0,1,64,16 Mains/19 Crosses,Head Heavy,0
35,Babolat,Babolat Pure Junior,100,26.0,9.8,4pts HL,252,23.0,0,59,16 Mains/19 Crosses,Head Light,4
43,Babolat,Babolat Drive Z-Lite,100,27.0,9.8,7pts HH,325,26.0,1,67,16 Mains/19 Crosses,Head Heavy,7
44,Babolat,Babolat Drive Z-Lite Cortex,100,27.0,9.8,6pts HH,312,26.0,1,67,16 Mains/19 Crosses,Head Heavy,6
45,Babolat,Babolat Drive Z-MAX,108,27.5,9.6,6pts HH,326,26.0,2,67,16 Mains/19 Crosses,Head Heavy,6
46,Babolat,Babolat Drive Z-Tour,100,27.0,10.7,0pts EB,324,26.0,1,72,16 Mains/19 Crosses,Head Heavy,0
48,Babolat,Babolat NCT Tour,100,27.0,10.3,1pts HL,300,23.5,0,71,16 Mains/18 Crosses,Head Light,1
49,Babolat,Babolat Pure Control 2001,97,27.0,12.3,6pts HL,336,21.5,0,72,16 Mains/20 Crosses,Head Light,6
50,Babolat,Babolat Pure Control 2003,98,27.0,11.8,7pts HL,327,21.5,0,70,16 Mains/20 Crosses,Head Light,7
51,Babolat,Babolat Pure Control Plus 2001,97,27.5,12.3,8pts HL,350,21.5,0,71,16 Mains/20 Crosses,Head Light,8
52,Babolat,Babolat Pure Control Plus 2003,98,27.5,11.9,10pts HL,332,21.5,0,68,16 Mains/20 Crosses,Head Light,1
53,Babolat,Babolat Pure Control Team Midplus 2002,100,27.0,11.6,5pts HL,318,21.5,0,65,16 Mains/20 Crosses,Head Light,5
54,Babolat,Babolat Pure Control Zylon 360,97,27.0,11.0,3pts HL,319,21.5,0,67,16 Mains/20 Crosses,Head Light,3
55,Babolat,Babolat Pure Control Zylon 360 Plus,97,27.5,11.0,6pts HL,317,21.5,0,67,16 Mains/20 Crosses,Head Light,6
56,Babolat,Babolat Pure Drive Plus,100,27.5,11.2,5pts HL,338,25.0,0,70,16 Mains/19 Crosses,Head Light,5
60,Babolat,Babolat Pure Power Zylon 360 Plus,102,27.5,10.6,3pts HL,310,22.5,0,68,16 Mains/20 Crosses,Head Light,3
61,Babolat,Babolat VS Control,98,27.0,11.7,6pts HL,324,21.5,0,68,16 Mains/20 Crosses,Head Light,6
63,Babolat,Babolat VS Nanotube Drive,112,27.5,9.5,14pts HH,351,28.0,2,72,16 Mains/19 Crosses,Head Heavy,1
64,Babolat,Babolat VS Nanotube Power,116,27.5,9.3,13pts HH,332,28.0,2,73,16 Mains/18 Crosses,Head Heavy,1
68,Babolat,Babolat Pure Storm Ltd GT ,95,27.0,11.9,9pts HL,313,19.0,0,59,18 Mains/20 Crosses,Head Light,9
69,Babolat,Babolat XS 105,105,27.0,9.9,3pts HH,324,24.0,2,64,16 Mains/20 Crosses,Head Heavy,3
70,Babolat,Babolat XS 102,102,27.0,10.0,4pts HH,322,24.0,1,66,16 Mains/20 Crosses,Head Heavy,4
71,Babolat,Babolat Pure Storm Ltd.,95,27.0,11.8,8pts HL,305,19.0,0,62,18 Mains/20 Crosses,Head Light,8
72,Babolat,Babolat Pure Drive Roddick GT,100,27.0,11.8,5pts HL,334,26.0,0,72,16 Mains/19 Crosses,Head Light,5
73,Babolat,Babolat Pure Drive GT,100,27.0,11.2,4pts HL,327,26.0,0,70,16 Mains/19 Crosses,Head Light,4
76,Babolat,Babolat Aero Strike,100,27.0,10.2,2pts HH,314,25.0,1,61,16 Mains/20 Crosses,Head Heavy,2
77,Babolat,Babolat Aero Storm Cortex,98,27.0,11.1,4pts HL,325,21.0,0,65,16 Mains/20 Crosses,Head Light,4
78,Babolat,Babolat Pure Storm Tour+ GT,98,27.5,12.1,8pts HL,349,21.0,0,61,16 Mains/20 Crosses,Head Light,8
79,Babolat,Babolat Pure Storm GT,98,27.0,11.0,1pts HL,327,21.0,0,63,16 Mains/20 Crosses,Head Light,1
80,Babolat,Babolat Pure Storm Tour GT,98,27.0,12.1,8pts HL,333,21.0,0,64,16 Mains/20 Crosses,Head Light,8
81,Babolat,Babolat Drive Z 110,110,27.5,9.8,3pts HH,317,27.0,2,64,16 Mains/20 Crosses,Head Heavy,3
82,Babolat,Babolat Pure Drive Lite GT,100,27.0,10.5,2pts HL,309,25.0,1,67,16 Mains/19 Crosses,Head Light,2
83,Babolat,Babolat Pure Drive Roddick GT Plus,100,27.5,11.7,7pts HL,336,26.0,0,71,16 Mains/19 Crosses,Head Light,7
84,Babolat,Babolat Aero Storm Tour Cortex,98,27.0,12.1,6pts HL,340,21.0,0,66,16 Mains/20 Crosses,Head Light,6
85,Babolat,Babolat Pure Drive GT Plus,100,27.5,11.2,6pts HL,330,25.0,0,70,16 Mains/19 Crosses,Head Light,6
86,Babolat,Babolat Y 112 LTD,112,27.5,10.2,3pts HH,328,23.0,2,68,16 Mains/19 Crosses,Head Heavy,3
87,Babolat,Babolat Y 112,112,27.5,9.6,7pts HH,324,23.0,2,66,16 Mains/79 Crosses,Head Heavy,7
88,Babolat,Babolat Y 112 Smart Grip,112,27.5,9.6,4pts HH,324,23.0,2,66,16 Mains/19 Crosses,Head Heavy,4
89,Babolat,Babolat Y 118,118,27.5,9.6,6pts HH,321,23.0,2,67,16 Mains/19 Crosses,Head Heavy,6
90,Babolat,Babolat Y 118 Smart Grip,118,27.5,9.6,6pts HH,321,23.0,2,67,16 Mains/19 Crosses,Head Heavy,6
91,Babolat,Babolat AeroPro Drive GT,100,27.0,11.3,4pts HL,331,26.0,0,70,16 Mains/19 Crosses,Head Light,4
92,Babolat,Babolat AeroPro Lite GT,100,27.0,9.9,3pts HH,315,26.0,1,72,16 Mains/19 Crosses,Head Heavy,3
93,Babolat,Babolat Aero Storm GT,98,27.0,11.4,3pts HL,334,21.5,0,67,16 Mains/20 Crosses,Head Light,3
94,Babolat,Babolat Aero Storm Tour GT,98,27.0,11.9,6pts HL,330,21.5,0,68,16 Mains/20 Crosses,Head Light,6
95,Babolat,Babolat AeroPro Team GT,100,27.0,10.6,0pts EB,315,26.5,1,69,16 Mains/19 Crosses,Head Heavy,0
96,Babolat,Babolat AeroPro Drive GT Plus,100,27.5,11.2,6pts HL,339,26.0,0,69,16 Mains/19 Crosses,Head Light,6
97,Babolat,Babolat XS 102,102,27.0,10.1,5pts HH,328,30.0,2,66,16 Mains/20 Crosses,Head Heavy,5
98,Babolat,Babolat XS 109,109,27.2,9.5,7pts HH,325,33.0,1,61,16 Mains/20 Crosses,Head Heavy,7
99,Babolat,Babolat Pure Drive Roddick Junior 26 (Even),100,26.0,9.4,2pts HH,271,26.0,1,66,16 Mains/19 Crosses,Head Heavy,2
100,Wilson,Wilson KFive 98,98,27.25,10.3,8pts HH,345,26.0,1,51,16 Mains/20 Crosses,Head Heavy,8
101,Wilson,Wilson KFive 108,108,27.25,10.3,9pts HH,346,26.0,2,50,16 Mains/20 Crosses,Head Heavy,9
102,Wilson,Wilson n5 Force Oversize,110,27.25,10.1,10pts HH,335,26.5,1,55,16 Mains/20 Crosses,Head Heavy,1
103,Wilson,Wilson nTour 105,105,27.25,10.5,2pts HH,344,24.0,1,65,16 Mains/20 Crosses,Head Heavy,2
104,Wilson,Wilson nTour 95,95,27.25,10.7,0pts EB,330,22.0,1,61,16 Mains/20 Crosses,Head Heavy,0
105,Wilson,Wilson nTour Two 105,105,27.25,10.4,3pts HH,339,24.0,1,65,16 Mains/20 Crosses,Head Heavy,3
106,Wilson,Wilson n5 Force Midplus,98,27.25,9.8,9pts HH,322,25.5,1,55,16 Mains/20 Crosses,Head Heavy,9
107,Wilson,Wilson nBlade Midplus,98,27.0,11.1,2pts HL,340,21.0,0,58,18 Mains/20 Crosses,Head Light,2
108,Wilson,Wilson KTour,95,27.25,10.6,1pts HH,331,22.0,0,64,16 Mains/20 Crosses,Head Heavy,1
109,Wilson,Wilson Hyper Hammer 6.2 Midplus,95,27.25,9.8,6pts HH,328,25.0,1,61,16 Mains/20 Crosses,Head Heavy,6
112,Wilson,Wilson nVision,103,27.25,9.8,4pts HH,324,25.0,1,62,16 Mains/20 Crosses,Head Heavy,4
113,Wilson,Wilson nTour Two nCode,95,27.25,10.6,1pts HL,320,22.0,0,62,16 Mains/20 Crosses,Head Light,1
114,Wilson,Wilson nBlade Oversize,106,27.3,11.1,4pts HL,335,22.0,0,60,18 Mains/19 Crosses,Head Light,4
115,Wilson,Wilson n4 Midplus,101,27.5,9.8,4pts HH,327,28.0,2,65,16 Mains/19 Crosses,Head Heavy,4
116,Wilson,Wilson KSix-One Team,95,27.0,10.9,0pts EB,325,21.0,1,59,18 Mains/20 Crosses,Head Heavy,0
117,Wilson,Wilson n3,113,27.5,9.7,7pts HH,328,30.0,2,47,16 Mains/19 Crosses,Head Heavy,7
118,Wilson,Wilson W3 Gypsy Rose,113,27.5,9.7,7pts HH,328,31.0,2,47,16 Mains/19 Crosses,Head Heavy,7
119,Wilson,Wilson KBlade Team,104,27.3,10.7,4pts HL,320,22.0,0,57,18 Mains/19 Crosses,Head Light,4
120,Wilson,Wilson nPro Open X,100,27.5,11.3,8pts HL,328,26.0,0,66,16 Mains/19 Crosses,Head Light,8
122,Wilson,Wilson KBlade 98,98,27.0,11.1,3pts HL,325,20.0,0,67,18 Mains/20 Crosses,Head Light,3
123,Wilson,Wilson KFour 112,112,27.5,9.9,8pts HH,345,28.0,2,73,16 Mains/20 Crosses,Head Heavy,8
124,Wilson,Wilson PS Blitz,100,27.0,9.9,2pts HH,307,26.0,0,57,16 Mains/19 Crosses,Head Heavy,2
126,Wilson,Wilson ProStaff Tour 95,95,27.0,11.5,7pts HL,325,20.0,0,62,18 Mains/20 Crosses,Head Light,7
128,Wilson,Wilson KFour 105,105,27.25,10.1,3pts HH,322,28.0,1,73,16 Mains/19 Crosses,Head Heavy,3
129,Wilson,Wilson Hyper Hammer 6.2 Oversize,110,27.5,9.6,6pts HH,318,27.0,1,63,16 Mains/20 Crosses,Head Heavy,6
130,Wilson,Wilson KZen,103,27.25,9.9,1pts HL,310,26.0,0,70,16 Mains/19 Crosses,Head Light,1
131,Wilson,Wilson nSix-Two Oversize,113,27.5,10.2,1pts HL,325,28.0,1,69,16 Mains/20 Crosses,Head Light,1
134,Wilson,Wilson KZen Team,103,27.25,10.2,1pts HH,312,26.0,1,70,16 Mains/19 Crosses,Head Heavy,1
137,Wilson,Wilson nFury Two Midplus,100,27.0,10.1,2pts HL,294,22.0,0,50,16 Mains/20 Crosses,Head Light,2
138,Wilson,Wilson  nSix-Two Midplus,100,27.0,10.5,4pts HL,302,26.0,0,65,16 Mains/19 Crosses,Head Light,4
139,Wilson,Wilson nSix-One 95,95,27.0,12.2,10pts HL,330,22.0,0,65,16 Mains/18 Crosses,Head Light,1
140,Wilson,Wilson KPro Open,100,27.0,11.0,5pts HL,306,26.0,0,66,16 Mains/19 Crosses,Head Light,5
141,Wilson,Wilson KBlade Tour,93,27.0,11.8,8pts HL,323,20.0,0,65,18 Mains/20 Crosses,Head Light,8
142,Wilson,Wilson KSix-One 95 (16x18),95,27.0,12.3,8pts HL,340,22.0,0,69,16 Mains/18 Crosses,Head Light,8
143,Wilson,Wilson Ksting,105,27.25,9.6,1pts HH,298,26.0,1,58,16 Mains/19 Crosses,Head Heavy,1
144,Wilson,Wilson KSurge,100,27.0,10.3,1pts HL,301,25.0,1,68,16 Mains/19 Crosses,Head Light,1
145,Wilson,Wilson KSix-One 95 (18x20),95,27.0,12.3,8pts HL,340,22.0,0,69,18 Mains/20 Crosses,Head Light,8
146,Wilson,Wilson  W4 Cobalt Storm,107,27.25,9.7,5pts HH,306,26.0,2,67,16 Mains/18 Crosses,Head Heavy,5
147,Wilson,Wilson  W4 Red Fury,107,27.25,9.7,5pts HH,306,26.0,2,67,16 Mains/18 Crosses,Head Heavy,5
148,Wilson,Wilson W4 Savage Lime,107,27.25,9.7,5pts HH,306,26.0,2,67,16 Mains/18 Crosses,Head Heavy,5
149,Wilson,Wilson  W4 Savage Saphire,107,27.25,9.7,5pts HH,306,26.0,2,67,16 Mains/18 Crosses,Head Heavy,5
150,Wilson,Wilson  W2 Black Whisper,117,27.5,9.5,6pts HH,318,27.0,2,65,16 Mains/18 Crosses,Head Heavy,6
151,Wilson,Wilson  W2 Blue Shadow,117,27.5,9.5,6pts HH,318,27.0,2,65,16 Mains/18 Crosses,Head Heavy,6
152,Wilson,Wilson  W2 Spicy Ruby,117,27.5,9.5,6pts HH,318,27.0,2,65,16 Mains/18 Crosses,Head Heavy,6
153,Wilson,Wilson KSix-One 95 X,95,27.5,12.3,7pts HL,360,22.0,0,68,16 Mains/18 Crosses,Head Light,7
154,Wilson,Wilson nPro ,98,27.0,11.0,4pts HL,308,23.0,0,68,18 Mains/18 Crosses,Head Light,4
155,Wilson,Wilson H Cyclone,115,27.9,9.2,12pts HH,343,29.0,2,74,16 Mains/19 Crosses,Head Heavy,1
156,Wilson,Wilson KPro Tour,96,27.0,11.4,8pts HL,300,24.0,0,62,16 Mains/20 Crosses,Head Light,8
157,Wilson,Wilson H Rival Oversize,112,27.5,9.0,8pts HH,318,28.0,2,67,16 Mains/20 Crosses,Head Heavy,8
158,Wilson,Wilson Pro Staff Trance Midplus,95,27.0,9.9,2pts HH,301,24.0,1,69,16 Mains/19 Crosses,Head Heavy,2
159,Wilson,Wilson nPro Open nCode,100,27.0,11.1,6pts HL,302,26.0,0,68,16 Mains/19 Crosses,Head Light,6
160,Wilson,Wilson KSix-One Tour 90,90,27.0,12.5,9pts HL,336,18.0,0,67,16 Mains/19 Crosses,Head Light,9
163,Wilson,Wilson Prostaff 6.0 Original 95,95,27.0,12.2,10pts HL,317,20.0,0,67,16 Mains/18 Crosses,Head Light,1
164,Wilson,Wilson nFury Oversize,110,27.5,9.6,0pts EB,303,26.0,1,67,16 Mains/19 Crosses,Head Heavy,0
165,Wilson,Wilson KOne,122,27.5,9.3,12pts HH,328,27.0,2,72,16 Mains/19 Crosses,Head Heavy,1
166,Wilson,Wilson Prostaff 6.0 Original 85,85,27.0,12.6,8pts HL,329,17.0,0,66,16 Mains/18 Crosses,Head Light,8
167,Wilson,Wilson nFury Two Oversize,110,27.5,9.6,0pts EB,295,26.0,1,66,16 Mains/19 Crosses,Head Heavy,0
169,Wilson,Wilson Pro Staff Trance Oversize,110,27.0,9.8,1pts HH,297,30.0,1,72,16 Mains/20 Crosses,Head Heavy,1
170,Wilson,Wilson Hyper Hammer 5.3 Stretch Oversize,110,27.5,9.0,8pts HH,301,25.0,1,70,16 Mains/20 Crosses,Head Heavy,8
179,Wilson,Wilson 3.2 Hammer PH Super Oversize,118,27.0,8.6,8pts HH,283,30.0,2,66,18 Mains/19 Crosses,Head Heavy,8
181,Wilson,Wilson 3.8 Power Holes Oversize,112,28.0,9.0,12pts HH,356,30.0,2,76,18 Mains/19 Crosses,Head Heavy,1
185,Wilson,Wilson 4.7 Prostaff Stretch EB Midplus,100,28.0,10.8,5pts HL,343,23.0,1,74,16 Mains/20 Crosses,Head Light,5
192,Wilson,Wilson 5.8 Hammer Midplus,95,27.0,10.4,4pts HH,327,21.0,1,67,16 Mains/18 Crosses,Head Heavy,4
193,Wilson,Wilson 5.8 Hammer Oversize,110,27.0,10.4,4pts HH,331,21.0,1,65,16 Mains/21 Crosses,Head Heavy,4
198,Wilson,Wilson 6.2 Hammer Stretch Midplus,95,28.0,9.8,5pts HH,337,26.0,0,62,16 Mains/20 Crosses,Head Heavy,5
200,Head,Head Flexpoint 6 Midplus,102,27.3,10.5,3pts HH,335,27.0,1,67,16 Mains/19 Crosses,Head Heavy,3
201,Head,Head LiquidMetal 4,102,27.25,10.7,1pts HH,335,25.0,1,67,16 Mains/19 Crosses,Head Heavy,1
202,Head,Head Flexpoint 6 Oversize,112,27.3,9.9,8pts HH,337,28.0,2,61,16 Mains/19 Crosses,Head Heavy,8
203,Head,Head FXP Prestige Team,102,27.0,10.9,0pts EB,324,21.0,0,57,18 Mains/19 Crosses,Head Heavy,0
204,Head,Head Flexpoint Radical Midplus - 2005,98,27.0,11.1,2pts HL,330,21.0,0,63,18 Mains/20 Crosses,Head Light,2
205,Head,Head FXP Flexpoint Radical Team - 2005,102,27.0,10.4,1pts HH,314,22.0,0,59,16 Mains/19 Crosses,Head Heavy,1
206,Head,Head Flexpoint Radical Oversize - 2005,107,27.0,11.3,4pts HL,334,21.0,0,58,18 Mains/19 Crosses,Head Light,4
207,Head,Head Flexpoint 4,107,27.5,10.3,1pts HH,327,27.0,1,67,16 Mains/19 Crosses,Head Heavy,1
208,Head,Head Protector Oversize,115,27.75,10.1,8pts HH,351,28.0,2,63,16 Mains/19 Crosses,Head Heavy,8
209,Head,Head Liquidmetal Radical OS - 2003,107,27.0,11.2,3pts HL,330,21.0,0,58,18 Mains/19 Crosses,Head Light,3
210,Head,Head Microgel Monster,102,27.0,10.4,3pts HH,320,25.0,0,66,16 Mains/19 Crosses,Head Heavy,3
211,Head,Head Liquidmetal Instinct - 2003,100,27.0,11.2,4pts HL,329,25.0,0,63,18 Mains/19 Crosses,Head Light,4
212,Head,Head Protector Midplus,102,27.5,9.7,6pts HH,322,26.0,1,65,16 Mains/19 Crosses,Head Heavy,6
213,Head,Head Flexpoint Instinct - 2005,100,27.0,11.2,3pts HL,331,25.0,0,65,18 Mains/19 Crosses,Head Light,3
214,Head,Head MicroGEL Radical MP - 2007,98,27.0,11.0,2pts HL,315,22.0,0,62,18 Mains/20 Crosses,Head Light,2
215,Head,Head Liquidmetal Radical MP - 2003,98,27.0,11.2,4pts HL,325,21.0,0,64,18 Mains/20 Crosses,Head Light,4
216,Head,Head LiquidMetal 5,107,27.25,9.5,7pts HH,323,27.0,2,64,16 Mains/19 Crosses,Head Heavy,7
217,Head,Head MicroGEL Radical Team - 2007,102,27.0,10.7,1pts HL,311,22.0,0,60,16 Mains/19 Crosses,Head Light,1
218,Head,Head Microgel Instinct - 2007,100,27.0,11.0,3pts HL,321,25.0,0,64,18 Mains/19 Crosses,Head Light,3
219,Head,Head Flexpoint Heat,102,27.0,10.7,2pts HL,316,22.0,0,62,18 Mains/19 Crosses,Head Light,2
220,Head,Head Microgel Extreme - 2007,100,27.25,11.2,6pts HL,320,26.0,0,68,16 Mains/19 Crosses,Head Light,6
221,Head,Head MicroGEL Radical OS - 2007,107,27.0,11.1,3pts HL,318,21.0,0,56,18 Mains/19 Crosses,Head Light,3
222,Head,Head Flexpoint Instinct Team - 2005,100,27.0,10.1,2pts HH,312,26.0,1,66,16 Mains/19 Crosses,Head Heavy,2
223,Head,Head Flexpoint Prestige Midplus XL - 2006,98,27.5,12.0,8pts HL,340,21.0,0,65,18 Mains/20 Crosses,Head Light,8
224,Head,Head Microgel Extreme Pro - 2007,100,27.0,11.8,7pts HL,332,26.0,0,68,16 Mains/19 Crosses,Head Light,7
225,Head,Head Liquidmetal Prestige Midplus - 2004,98,27.0,11.9,8pts HL,325,21.0,0,63,18 Mains/20 Crosses,Head Light,8
226,Head,Head Liquidmetal Prestige Mid - 2004,93,27.0,12.3,7pts HL,340,19.0,0,61,18 Mains/20 Crosses,Head Light,7
227,Head,Head Microgel Prestige Midplus - 2008,98,27.0,11.8,6pts HL,320,21.0,0,63,18 Mains/20 Crosses,Head Light,6
228,Head,Head MicroGEL Radical Pro - 2007,100,27.0,11.7,2pts HL,315,21.0,0,64,16 Mains/19 Crosses,Head Light,2
229,Head,Head Radical Agassi Limited Edition,107,27.0,12.1,6pts HL,338,21.0,0,63,18 Mains/19 Crosses,Head Light,6
230,Head,Head Metallix 2,102,27.3,9.8,4pts HH,305,24.0,1,68,16 Mains/19 Crosses,Head Heavy,4
231,Head,Head Microgel Extreme Team - 2007,107,27.0,10.1,3pts HL,298,26.0,0,57,16 Mains/19 Crosses,Head Light,3
232,Head,Head Microgel Mojo,100,27.0,10.4,0pts EB,301,22.0,0,62,18 Mains/19 Crosses,Head Heavy,0
233,Head,Head Microgel Prestige Mid - 2008,93,27.0,12.2,7pts HL,328,19.0,0,63,18 Mains/20 Crosses,Head Light,7
234,Head,Head Flexpoint Prestige Midplus - 2006,98,27.0,12.2,7pts HL,323,21.0,0,65,18 Mains/20 Crosses,Head Light,7
235,Head,Head Microgel Prestige Pro - 2008,98,27.0,12.1,7pts HL,316,21.0,0,63,16 Mains/20 Crosses,Head Light,7
236,Head,Head LiquidMetal 2,106,27.5,9.5,2pts HH,302,26.0,1,61,16 Mains/19 Crosses,Head Heavy,2
237,Head,Head Metallix 4,107,27.3,9.3,8pts HH,308,26.0,1,66,16 Mains/19 Crosses,Head Heavy,8
238,Head,Head Flexpoint Prestige Mid - 2006,93,27.0,12.2,7pts HL,323,19.0,0,65,18 Mains/20 Crosses,Head Light,7
240,Head,Head Flexpoint 10,121,27.5,9.1,10pts HH,316,31.0,2,65,16 Mains/19 Crosses,Head Heavy,1
241,Head,Head Metallix 6 OS,115,27.3,9.5,7pts HH,299,28.0,2,69,16 Mains/19 Crosses,Head Heavy,7
244,Head,Head Airflow 3,102,27.0,9.3,4pts HH,290,26.0,1,72,16 Mains/19 Crosses,Head Heavy,4
245,Head,Head Metallix 10,124,27.3,9.4,4pts HH,301,30.0,2,68,16 Mains/19 Crosses,Head Heavy,4
246,Head,Head Airflow 5,109,27.0,8.9,5pts HH,280,28.0,1,71,16 Mains/19 Crosses,Head Heavy,5
247,Head,Head Radical Junior,102,26.0,10.3,4pts HL,260,21.0,0,60,18 Mains/19 Crosses,Head Light,4
249,Head,Head Airflow 7,115,27.0,8.7,4pts HH,265,31.0,2,67,16 Mains/19 Crosses,Head Heavy,4
250,Head,Head Instinct Junior,100,26.0,9.2,4pts HL,237,25.0,0,65,18 Mains/19 Crosses,Head Light,4
251,Head,Head Classic Tour Midplus,102,27.0,12.1,5pts HL,336,21.0,0,61,18 Mains/19 Crosses,Head Light,5
252,Head,Head Classic Tour Midsize,93,27.0,12.1,6pts HL,320,19.0,0,59,18 Mains/20 Crosses,Head Light,6
254,Head,Head Intelligence i. Radical Midplus,98,27.0,10.8,2pts HL,297,21.0,0,64,18 Mains/20 Crosses,Head Light,2
255,Head,Head Intelligence i. Radical Oversize,107,27.0,11.0,4pts HL,302,21.0,0,62,18 Mains/19 Crosses,Head Light,4
256,Head,Head Intelligence i.Caliber,107,27.5,9.7,5pts HL,274,23.0,0,68,16 Mains/19 Crosses,Head Light,5
257,Head,Head Intelligence i.extreme Midplus,102,27.0,10.3,1pts HL,295,22.0,0,69,18 Mains/19 Crosses,Head Light,1
258,Head,Head Intelligence i.Junior,102,26.0,8.9,3pts HL,228,23.0,1,69,16 Mains/19 Crosses,Head Light,3
259,Head,Head Intelligence I.Prestige Midplus Standard - 2001,98,27.0,12.1,6pts HL,324,21.0,0,63,18 Mains/20 Crosses,Head Light,6
260,Head,Head Intelligence I.Prestige Midplus XL - 2001,98,27.5,11.8,9pts HL,327,21.0,0,62,18 Mains/20 Crosses,Head Light,9
261,Head,Head Intelligence I.Prestige Midsize - 2001,93,27.0,12.1,5pts HL,320,19.0,0,60,18 Mains/20 Crosses,Head Light,5
262,Head,Head Intelligence i.S1 Midplus,102,27.5,10.2,6pts HL,275,25.0,0,71,18 Mains/19 Crosses,Head Light,6
263,Head,Head Intelligence i.S1 Oversize,107,27.5,9.8,4pts HL,278,23.0,0,73,16 Mains/19 Crosses,Head Light,4
266,Head,Head Intelligence i.S2 Midplus,98,27.0,10.2,1pts HL,290,24.0,1,70,16 Mains/20 Crosses,Head Light,1
267,Head,Head Intelligence i.S2 Oversize,107,27.5,9.2,3pts HH,295,26.0,2,71,16 Mains/19 Crosses,Head Heavy,3
268,Head,Head Intelligence i.S4 Midplus,102,27.5,9.8,2pts HH,308,24.0,1,67,16 Mains/20 Crosses,Head Heavy,2
269,Head,Head Intelligence i.S4 Oversize,112,27.75,8.7,6pts HH,282,26.0,2,65,16 Mains/19 Crosses,Head Heavy,6
270,Head,Head Intelligence i.S6 Midplus,102,27.5,9.6,5pts HH,311,26.0,1,77,16 Mains/20 Crosses,Head Heavy,5
271,Head,Head Intelligence i.S6 Oversize,112,27.75,8.3,7pts HH,290,28.0,2,69,16 Mains/19 Crosses,Head Heavy,7
272,Head,Head Intelligence i.S9,112,27.75,9.8,1pts HH,314,28.0,2,73,16 Mains/19 Crosses,Head Heavy,1
273,Head,Head Intelligence i.speed Midplus,102,27.0,9.7,4pts HH,294,24.0,1,68,16 Mains/19 Crosses,Head Heavy,4
275,Head,Head Intelligence i.x Speed,102,27.0,9.8,4pts HH,300,24.0,1,69,16 Mains/19 Crosses,Head Heavy,4
276,Head,Head Intelligence i.x3 Midplus,98,27.0,10.5,3pts HL,304,24.0,1,71,16 Mains/20 Crosses,Head Light,3
277,Head,Head Intelligence i.x3 Oversize,107,27.5,9.9,2pts HH,316,26.0,2,70,16 Mains/19 Crosses,Head Heavy,2
278,Head,Head Intelligence i.x5 Midplus,102,27.5,10.1,1pts HH,302,24.0,1,66,16 Mains/20 Crosses,Head Heavy,1
279,Head,Head Intelligence i.x5 Oversize,107,27.75,9.5,4pts HH,315,26.0,2,65,16 Mains/19 Crosses,Head Heavy,4
280,Head,Head Intelligence i.x6 Midplus,102,27.5,9.8,6pts HH,316,26.0,1,73,16 Mains/20 Crosses,Head Heavy,6
281,Head,Head Intelligence i.x6 Oversize,112,27.75,9.2,5pts HH,305,28.5,2,69,16 Mains/19 Crosses,Head Heavy,5
282,Head,Head Intelligence ix.11,115,27.75,8.6,11pts HH,308,28.5,2,72,16 Mains/19 Crosses,Head Heavy,1
283,Head,Head Intelligence ix.16,118,28.0,9.2,2pts HH,300,28.5,2,67,16 Mains/19 Crosses,Head Heavy,2
284,Head,Head Liquidmetal Fire,102,27.3,10.5,0pts EB,320,25.0,0,67,16 Mains/19 Crosses,Head Heavy,0
285,Head,Head Liquidmetal Heat,102,27.3,10.3,4pts HL,298,25.0,0,64,18 Mains/19 Crosses,Head Light,4
286,Head,Head Liquidmetal Instinct Tour XL - 2003,100,27.5,11.8,10pts HL,336,25.0,0,63,18 Mains/19 Crosses,Head Light,1
287,Head,Head Premier Tour ,93,27.0,11.9,4pts HL,329,20.0,0,60,16 Mains/18 Crosses,Head Light,4
288,Head,Head Prestige Classic Midsize,93,27.0,12.3,7pts HL,323,19.0,0,60,18 Mains/20 Crosses,Head Light,7
290,Head,Head Pro Tour 280,97,27.0,12.0,6pts HL,327,20.0,0,58,18 Mains/20 Crosses,Head Light,6
294,Head,Head Radical Tour Oversize,110,27.0,11.8,6pts HL,332,21.0,0,61,18 Mains/20 Crosses,Head Light,6
298,Head,Head Ti.Classic,98,27.0,11.6,5pts HL,318,21.0,0,65,18 Mains/20 Crosses,Head Light,5
299,Head,Head Ti.Fire,102,27.0,9.7,7pts HH,311,24.0,0,64,18 Mains/19 Crosses,Head Heavy,7
304,Prince,Prince O3 Speedport White,100,27.0,11.2,2pts HL,326,25.0,0,64,16 Mains/19 Crosses,Head Light,2
305,Prince,Prince O3 Speedport Red,105,27.25,10.5,1pts HL,321,25.0,0,65,16 Mains/19 Crosses,Head Light,1
306,Prince,Prince  O3 Hybrid Shark Midplus,100,27.0,11.1,2pts HL,324,26.0,1,65,16 Mains/19 Crosses,Head Light,2
307,Prince,Prince O3 Tour Oversize,107,27.5,11.2,4pts HL,330,20.0,0,64,16 Mains/19 Crosses,Head Light,4
308,Prince,Prince O3 Hybrid Comp,102,27.0,10.8,3pts HL,318,24.0,1,63,16 Mains/19 Crosses,Head Light,3
310,Prince,Prince Triple Threat Warrior Midplus,97,27.0,11.3,5pts HL,325,23.0,0,67,16 Mains/20 Crosses,Head Light,5
311,Prince,Prince Ozone Four,110,27.5,10.3,2pts HH,328,27.0,2,68,16 Mains/19 Crosses,Head Heavy,2
313,Prince,Prince Triple Threat Warrior Oversize,107,27.5,11.2,6pts HL,315,23.0,0,67,16 Mains/19 Crosses,Head Light,6
314,Prince,Prince Ozone Seven,105,27.25,10.6,1pts HL,325,25.0,0,71,16 Mains/19 Crosses,Head Light,1
315,Prince,Prince O3 Hybrid Shark Oversize,110,27.5,10.3,1pts HL,322,28.0,1,65,16 Mains/19 Crosses,Head Light,1
316,Prince,Prince Ozone Tour MP,100,27.0,11.5,6pts HL,321,20.0,0,60,16 Mains/18 Crosses,Head Light,6
317,Prince,Prince Original O3 White,100,27.0,11.3,4pts HL,322,25.0,0,65,16 Mains/19 Crosses,Head Light,4
318,Prince,Prince O3 Hybrid Hornet Midplus,100,27.0,10.6,2pts HL,320,25.0,1,70,16 Mains/19 Crosses,Head Light,2
321,Prince,Prince Turbo Shark Oversize,110,27.5,10.4,0pts EB,325,28.0,2,69,16 Mains/19 Crosses,Head Heavy,0
322,Prince,Prince O3 Speedport Tour,97,27.0,11.7,7pts HL,328,21.0,0,65,16 Mains/18 Crosses,Head Light,7
323,Prince,Prince O3 Hybrid Spectrum Midplus,100,27.0,10.7,1pts HL,318,25.0,1,71,16 Mains/19 Crosses,Head Light,1
324,Prince,Prince Original O3 Red,105,27.25,10.5,3pts HL,314,26.0,0,68,16 Mains/19 Crosses,Head Light,3
325,Prince,Prince O3 Hybrid Tour,95,27.0,12.0,8pts HL,337,21.0,0,67,16 Mains/18 Crosses,Head Light,8
326,Prince,Prince O Scream Midplus,100,27.0,10.1,0pts EB,309,25.0,2,67,16 Mains/19 Crosses,Head Heavy,0
327,Prince,Prince O3 Speedport Pro White,100,27.0,11.7,5pts HL,330,25.0,0,67,18 Mains/19 Crosses,Head Light,5
328,Prince,Prince Tour Diablo Midplus,100,27.3,11.3,10pts HL,316,19.0,0,63,16 Mains/18 Crosses,Head Light,1
329,Prince,Prince O3 Tour Midsize,95,27.0,12.0,8pts HL,324,20.0,0,63,16 Mains/20 Crosses,Head Light,8
330,Prince,Prince O3 Speedport Gold,115,27.5,9.5,7pts HH,324,27.0,2,64,16 Mains/19 Crosses,Head Heavy,7
331,Prince,Prince Tour NXG Graphite Oversize,107,27.5,11.9,11pts HL,328,20.0,0,63,16 Mains/19 Crosses,Head Light,1
332,Prince,Prince Tour NXG Graphite Midplus,100,27.25,12.2,9pts HL,326,19.0,0,63,16 Mains/20 Crosses,Head Light,9
333,Prince,Prince Shark DB Midplus,100,27.0,10.5,1pts HL,306,28.0,1,67,16 Mains/19 Crosses,Head Light,1
334,Prince,Prince Graphite Longbody,100,28.0,11.6,13pts HL,321,19.0,0,63,16 Mains/18 Crosses,Head Light,1
335,Prince,Prince Graphite Classic Oversize,107,27.0,12.2,5pts HL,333,19.0,0,63,16 Mains/19 Crosses,Head Light,5
336,Prince,Prince O3 Hybrid Lite,109,27.0,9.7,6pts HH,315,28.0,2,68,16 Mains/19 Crosses,Head Heavy,6
337,Prince,Prince Tour Diablo Mid,93,27.0,12.2,9pts HL,331,19.0,0,66,16 Mains/20 Crosses,Head Light,9
338,Prince,Prince O3 Hybrid Hornet Oversize,110,27.0,10.1,2pts HH,316,28.0,1,72,16 Mains/19 Crosses,Head Heavy,2
339,Prince,Prince Original O3 Blue,110,27.5,10.1,2pts HL,308,26.0,1,66,16 Mains/19 Crosses,Head Light,2
340,Prince,Prince O3 Citron,110,27.5,10.1,2pts HL,308,26.0,1,66,16 Mains/19 Crosses,Head Light,2
341,Prince,Prince O Scream Oversize,110,27.0,9.9,2pts HH,311,27.0,2,68,16 Mains/19 Crosses,Head Heavy,2
342,Prince,Prince O3 Pink,118,27.5,10.0,7pts HH,330,30.0,2,74,16 Mains/19 Crosses,Head Heavy,7
343,Prince,Prince Tour NXG Graphite Mid,92,27.0,12.3,9pts HL,329,18.0,0,61,18 Mains/20 Crosses,Head Light,9
344,Prince,Prince Turbo Outlaw Oversize,110,27.5,10.2,0pts EB,311,26.0,1,70,16 Mains/19 Crosses,Head Heavy,0
345,Prince,Prince O3 Speedport Silver,118,27.5,9.5,8pts HH,330,30.0,2,71,16 Mains/19 Crosses,Head Heavy,8
346,Prince,Prince Shark DB Oversize,110,27.5,10.5,2pts HL,311,29.0,1,70,16 Mains/19 Crosses,Head Light,2
347,Prince,Prince Ozone Pro Tour MP,100,27.0,12.1,7pts HL,324,20.0,0,65,18 Mains/20 Crosses,Head Light,7
348,Prince,Prince Graphite Classic Midplus,93,27.0,12.1,8pts HL,328,19.0,0,66,14 Mains/18 Crosses,Head Light,8
349,Prince,Prince Air Freak Oversize,110,27.0,10.2,2pts HL,306,26.0,1,69,16 Mains/19 Crosses,Head Light,2
351,Prince,Prince Turbo Outlaw Midplus,100,27.0,10.2,1pts HL,300,26.0,1,72,16 Mains/20 Crosses,Head Light,1
353,Prince,Prince Ozone One,118,27.75,9.6,6pts HH,328,30.0,2,74,16 Mains/19 Crosses,Head Heavy,6
355,Prince,Prince Original O3 Silver,118,27.75,9.6,5pts HH,325,28.0,2,74,16 Mains/19 Crosses,Head Heavy,5
356,Prince,Prince O3 Hybrid Spectrum Oversize,110,27.0,9.8,0pts EB,300,25.0,1,68,16 Mains/19 Crosses,Head Heavy,0
357,Prince,Prince O3 Speedport Platinum,125,27.5,9.5,7pts HH,320,30.0,2,70,16 Mains/19 Crosses,Head Heavy,7
358,Prince,Prince EXO3 Red,105,27.25,10.5,1pts HL,321,25.0,1,67,16 Mains/19 Crosses,Head Light,1
359,Prince,Prince Tour NXG Graphite 26 Junior,100,26.0,8.7,5pts HH,253,22.0,0,60,16 Mains/18 Crosses,Head Heavy,5
360,Prince,Prince O3 Hybrid 26,100,26.0,8.2,8pts HH,251,25.0,1,66,16 Mains/19 Crosses,Head Heavy,8
361,Prince,Prince Shark 26 Junior,100,26.0,8.3,6pts HH,247,24.0,1,66,16 Mains/20 Crosses,Head Heavy,6
362,Prince,Prince Tour Diablo 25 Junior,100,25.0,8.6,4pts HH,227,20.0,2,48,16 Mains/18 Crosses,Head Heavy,4
363,Prince,Prince Air Freak Midplus,100,27.0,10.9,2pts HL,330,26.0,1,70,16 Mains/19 Crosses,Head Light,2
366,Prince,Prince Graphite Classic 20th Anniv. Midplus,93,27.0,12.0,8pts HL,317,19.0,0,65,14 Mains/18 Crosses,Head Light,8
367,Prince,Prince Graphite Classic 20th Anniv. Oversize,107,27.0,12.3,8pts HL,327,19.0,0,62,16 Mains/19 Crosses,Head Light,8
368,Prince,Prince Graphite II Oversize,107,27.0,12.3,8pts HL,330,22.0,0,66,16 Mains/19 Crosses,Head Light,8
370,Prince,Prince Michael Chang Titanium Midplus,95,28.0,11.4,8pts HL,351,20.0,1,65,14 Mains/18 Crosses,Head Light,8
371,Prince,Prince Michael Chang Titanium Oversize,107,28.0,11.6,8pts HL,360,20.0,1,63,16 Mains/19 Crosses,Head Light,8
377,Prince,Prince More Control DB 850 Oversize,107,27.25,11.1,9pts HL,300,23.0,1,69,16 Mains/19 Crosses,Head Light,9
381,Prince,Prince More Power 1150 S,115,27.5,9.7,1pts HL,316,28.0,1,74,16 Mains/19 Crosses,Head Light,1
382,Prince,Prince More Power 1500 S,120,27.75,9.9,2pts HH,333,28.0,2,74,16 Mains/20 Crosses,Head Heavy,2
384,Prince,Prince More Precision Oversize,107,27.25,11.0,7pts HL,309,20.0,0,68,16 Mains/19 Crosses,Head Light,7
389,Prince,Prince Precision 730,97,28.0,11.6,9pts HL,336,25.0,0,69,14 Mains/18 Crosses,Head Light,9
395,Prince,Prince Precision Equipe Midplus,95,27.0,12.6,10pts HL,339,22.0,0,72,16 Mains/19 Crosses,Head Light,1
397,Prince,Prince Precision Michael Chang Longbody Midplus,95,28.0,11.8,11pts HL,330,20.0,0,62,14 Mains/18 Crosses,Head Light,1
398,Prince,Prince Precision Michael Chang Longbody Oversize,107,28.0,11.1,4pts HL,346,20.0,0,59,16 Mains/19 Crosses,Head Light,4
399,Prince,Prince Precision Response 660,97,27.0,11.6,2pts HL,342,23.0,0,67,16 Mains/19 Crosses,Head Light,2
401,Dunlop,Dunlop M-Fil 200 Plus \'05,97,27.5,11.5,7pts HL,330,20.0,0,63,16 Mains/19 Crosses,Head Light,7
402,Dunlop,Dunlop M-Fil 300,98,27.0,10.9,3pts HL,317,21.5,0,61,16 Mains/19 Crosses,Head Light,3
403,Dunlop,Dunlop Aerogel 3Hundred,98,27.0,10.9,4pts HL,316,21.5,0,61,16 Mains/19 Crosses,Head Light,4
404,Dunlop,Dunlop Maxply McEnroe,98,27.0,11.3,3pts HL,327,21.0,0,68,16 Mains/19 Crosses,Head Light,3
405,Dunlop,Dunlop M-Fil 400,100,27.25,10.7,0pts EB,318,24.0,1,70,16 Mains/19 Crosses,Head Heavy,0
406,Dunlop,Dunlop  Aerogel 500 Tour,100,27.0,11.1,3pts HL,325,25.0,1,70,16 Mains/18 Crosses,Head Light,3
407,Dunlop,Dunlop Aerogel 2Hundred,95,27.0,11.9,8pts HL,331,20.0,0,61,18 Mains/20 Crosses,Head Light,8
408,Dunlop,Dunlop M-Fil 200,95,27.0,12.1,6pts HL,337,20.0,0,61,18 Mains/20 Crosses,Head Light,6
410,Dunlop,Dunlop Aerogel 6Hundred,105,27.25,10.1,1pts HH,310,26.0,1,69,16 Mains/19 Crosses,Head Heavy,1
411,Dunlop,Dunlop 200G XL,95,27.5,11.2,9pts HL,303,20.0,0,56,16 Mains/18 Crosses,Head Light,9
412,Dunlop,Dunlop  Aerogel 500,100,27.0,10.3,1pts HL,306,25.0,1,68,16 Mains/18 Crosses,Head Light,1
413,Dunlop,Dunlop M-Fil 200 Plus \'06,97,27.0,11.4,7pts HL,309,20.0,0,64,16 Mains/19 Crosses,Head Light,7
414,Dunlop,Dunlop 300G MP,98,27.0,10.8,4pts HL,300,21.5,0,64,16 Mains/19 Crosses,Head Light,4
415,Dunlop,Dunlop Roland Garros Racing,100,27.0,10.3,3pts HL,300,21.0,0,68,16 Mains/19 Crosses,Head Light,3
416,Dunlop,Dunlop Aerogel 8Hundred,110,27.5,9.5,6pts HH,312,30.0,2,70,16 Mains/19 Crosses,Head Heavy,6
421,Dunlop,Dunlop M-Fil Lady,108,27.5,9.8,0pts EB,296,27.0,2,69,16 Mains/19 Crosses,Head Heavy,0
422,Dunlop,Dunlop Aerogel 1000,118,27.5,9.2,7pts HH,312,32.0,2,69,16 Mains/19 Crosses,Head Heavy,7
424,Dunlop,Dunlop 200G 26,95,26.0,9.9,1pts HL,257,20.0,0,61,18 Mains/20 Crosses,Head Light,1
425,Dunlop,Dunlop 300G Junior,98,26.0,9.5,1pts HL,249,21.5,0,60,16 Mains/19 Crosses,Head Light,1
426,Dunlop,Dunlop 200G 95,95,27.0,11.9,5pts HL,316,20.0,0,60,18 Mains/20 Crosses,Head Light,5
427,Dunlop,Dunlop 300G Oversize,105,27.5,10.6,4pts HL,302,22.0,1,57,18 Mains/20 Crosses,Head Light,4
428,Dunlop,Dunlop 400G,100,27.25,10.6,8pts HL,285,24.0,0,62,16 Mains/19 Crosses,Head Light,8
435,Dunlop,Dunlop Adrenaline Rush 108,108,27.5,10.6,13pts HL,291,27.0,1,63,16 Mains/19 Crosses,Head Light,1
436,Dunlop,Dunlop Adrenaline Rush 98,98,27.0,10.4,9pts HL,284,26.0,1,71,16 Mains/19 Crosses,Head Light,9
437,Dunlop,Dunlop Adrenaline Surge108,108,27.5,10.7,12pts HL,297,27.0,1,65,16 Mains/19 Crosses,Head Light,1
438,Dunlop,Dunlop Dunlop Spirit Midplus,100,27.0,10.2,1pts HL,304,24.0,1,69,16 Mains/19 Crosses,Head Light,1
439,Dunlop,Dunlop Dunlop Sprit Oversize,110,27.5,9.6,0pts EB,283,26.0,1,60,16 Mains/19 Crosses,Head Heavy,0
440,Dunlop,Dunlop Inferno Oversize,110,27.5,9.4,4pts HH,298,30.0,2,75,16 Mains/19 Crosses,Head Heavy,4
445,Dunlop,Dunlop Max Tech Midplus,95,27.0,9.9,3pts HH,312,26.0,2,73,16 Mains/19 Crosses,Head Heavy,3
448,Dunlop,Dunlop Muscle Weave 200g 100,100,27.5,11.6,7pts HL,335,22.0,1,64,18 Mains/20 Crosses,Head Light,7
449,Dunlop,Dunlop Muscle Weave 200g 95,95,27.0,12.0,7pts HL,315,20.0,0,59,18 Mains/20 Crosses,Head Light,7
450,Dunlop,Dunlop Muscle Weave 200g Oversize,108,27.5,9.5,6pts HH,316,27.0,2,71,18 Mains/20 Crosses,Head Heavy,6
451,Dunlop,Dunlop Quadro Midplus,102,27.25,10.1,1pts HL,300,26.0,1,65,16 Mains/19 Crosses,Head Light,1
452,Dunlop,Dunlop Quadro Oversize,110,27.5,10.1,2pts HL,298,26.0,1,60,16 Mains/19 Crosses,Head Light,2
453,Dunlop,Dunlop Revelation 200G +1.00,100,28.0,11.4,8pts HL,338,20.0,0,64,18 Mains/20 Crosses,Head Light,8
454,Dunlop,Dunlop Revelation Lite +1.50 Titanium,112,28.5,9.5,5pts HH,355,28.0,2,66,18 Mains/20 Crosses,Head Heavy,5
455,Dunlop,Dunlop Revelation Lite Titanium +0.50,95,27.5,9.0,5pts HH,307,25.0,0,66,16 Mains/19 Crosses,Head Heavy,5
456,Dunlop,Dunlop Revelation Lite Titanium +1.0,100,28.0,9.5,4pts HH,336,25.0,0,65,16 Mains/19 Crosses,Head Heavy,4
457,Dunlop,Dunlop Revelation Select Pro Midplus,95,27.0,12.5,6pts HL,335,20.0,0,65,16 Mains/19 Crosses,Head Light,6
465,Dunlop,Dunlop Vision Midplus,102,27.5,9.3,2pts HH,297,26.0,1,67,16 Mains/19 Crosses,Head Heavy,2
466,Dunlop,Dunlop Vision Oversize,110,27.5,9.3,5pts HH,304,26.0,1,67,16 Mains/19 Crosses,Head Heavy,5
467,Dunlop,Dunlop Aerogel Titan,101,27.0,9.6,2pts HL,290,25.0,0,67,16 Mains/19 Crosses,Head Light,2
468,Dunlop,Dunlop Aerogel Smoke,100,27.25,10.6,2pts HL,326,24.0,0,67,16 Mains/19 Crosses,Head Light,2
469,Dunlop,Dunlop Aerogel Rush,108,27.5,9.6,1pts HL,301,25.0,1,64,16 Mains/19 Crosses,Head Light,1
470,Dunlop,Dunlop Aerogel 4D 3Hundred Tour,98,27.0,11.3,5pts HL,318,20.0,0,63,18 Mains/20 Crosses,Head Light,5
471,Dunlop,Dunlop Aerogel 1Hundred 100,90,27.0,11.7,6pts HL,324,19.0,0,61,16 Mains/19 Crosses,Head Light,6
472,Dunlop,Dunlop Aerogel 4D Super-Lite,108,27.5,8.6,7pts HH,290,25.0,2,65,16 Mains/19 Crosses,Head Heavy,7
473,Dunlop,Dunlop Aerogel 4D 7Hundred,108,27.25,9.7,2pts HH,306,28.0,2,72,16 Mains/19 Crosses,Head Heavy,2
474,Dunlop,Dunlop Aerogel 4D 5Hundred Tour,100,27.0,11.3,2pts HL,325,25.0,0,71,16 Mains/18 Crosses,Head Light,2
475,Dunlop,Dunlop Aerogel 4D 5Hundred,100,27.0,10.2,0pts EB,300,25.0,1,66,16 Mains/18 Crosses,Head Heavy,0
476,Dunlop,Dunlop Aerogel 4D 3Hundred,98,27.0,10.9,3pts HL,320,21.0,0,60,16 Mains/19 Crosses,Head Light,3
477,Dunlop,Dunlop Aerogel 4D 2Hundred,95,27.0,11.9,7pts HL,337,20.0,0,62,18 Mains/20 Crosses,Head Light,7
478,Dunlop,Dunlop Aerogel 4D 5 Fifty Lite,100,27.25,9.4,1pts HH,299,25.0,1,69,16 Mains/19 Crosses,Head Heavy,1
479,Dunlop,Dunlop Aerogel 4D 100 (1 Hundred),90,27.0,11.6,8pts HL,308,19.0,0,62,16 Mains/19 Crosses,Head Light,8
480,Dunlop,Dunlop Aerogel 4D 200 Tour (2Hundred),95,27.0,12.3,5pts HL,352,20.0,0,60,16 Mains/18 Crosses,Head Light,5
481,Dunlop,Dunlop Aerogel 4D 3Hundred Lite,98,27.0,10.0,2pts HL,294,21.0,1,66,16 Mains/19 Crosses,Head Light,2
482,Dunlop,Dunlop Aerogel 4D 500 Lite,100,27.0,9.0,9pts HH,291,24.9,2,70,16 Mains/18 Crosses,Head Heavy,9
483,Dunlop,Dunlop Aerogel 4D 200 (2Hundred),95,27.0,11.9,7pts HL,337,20.0,0,62,18 Mains/20 Crosses,Head Light,7
484,Dunlop,Dunlop Biomimetic 600 Lite - 2011,105,27.25,10.01,3pts HH,316,26.0,2,69,16 Mains/19 Crosses,Head Heavy,3
485,Dunlop,Dunlop Biomimetic 300 Tour - 2010,97,27.0,11.3,6pts HL,304,20.0,0,64,18 Mains/20 Crosses,Head Light,6
486,Dunlop,Dunlop Biomimetic 200 Plus - 2010,100,27.0,11.5,4pts HL,317,20.0,0,65,18 Mains/20 Crosses,Head Light,4
487,Dunlop,Dunlop Biomimetic 600 - 2011,102,27.0,10.4,2pts HL,300,25.0,1,71,16 Mains/19 Crosses,Head Light,2
488,Dunlop,Dunlop Biomimetic 300 - 2011,98,27.0,10.9,2pts HL,308,21.0,0,66,16 Mains/19 Crosses,Head Light,2
489,Dunlop,Dunlop Biomimetic 200 Lite - 2011,95,27.0,11.5,6pts HL,308,21.0,0,57,16 Mains/19 Crosses,Head Light,6
490,Dunlop,Dunlop Biomimetic 500 Tour - 2011,100,27.0,11.0,3pts HL,313,25.0,1,65,16 Mains/18 Crosses,Head Light,3
491,Dunlop,Dunlop Biomimetic 500 - 2011,100,27.0,10.3,1pts HH,311,25.0,1,66,16 Mains/18 Crosses,Head Heavy,1
492,Dunlop,Dunlop Biomimetic 500 Plus - 2011,110,27.5,9.3,6pts HH,314,28.5,2,67,16 Mains/19 Crosses,Head Heavy,6
493,Dunlop,Dunlop Biomimetic 200 - 2011,95,27.0,11.9,6pts HL,322,20.5,0,57,18 Mains/20 Crosses,Head Light,6
494,Dunlop,Dunlop Biomimetic 200 Tour - 2011,95,27.0,12.5,5pts HL,345,20.0,0,61,16 Mains/18 Crosses,Head Light,5
495,Dunlop,Dunlop Biomimetic 100 - 2011,90,27.0,11.7,5pts HL,323,19.0,0,61,16 Mains/19 Crosses,Head Light,5
496,Dunlop,Dunlop Biomimetic 400 Tour - 2011,100,27.0,11.6,9pts HL,306,24.0,1,66,16 Mains/19 Crosses,Head Light,9
497,Dunlop,Dunlop Biomimetic 400 - 2011,100,27.0,10.9,6pts HL,305,24.0,1,67,16 Mains/19 Crosses,Head Light,6
498,Dunlop,Dunlop Biomimetic 400 Lite - 2011,100,27.0,10.1,2pts HL,298,24.0,1,67,16 Mains/19 Crosses,Head Light,2
499,Dunlop,Dunlop Biomimetic 700 - 2012,110,27.25,9.6,0pts EB,297,28.0,2,63,16 Mains/19 Crosses,Head Heavy,0
500,Yonex,Yonex RQiS 2 Tour,100,27.5,10.8,4pts HL,326,28.0,0,67,16 Mains/18 Crosses,Head Light,4
506,Yonex,Yonex RQiS 1 Tour,95,27.0,11.9,9pts HL,325,25.0,0,61,16 Mains/18 Crosses,Head Light,9
507,Yonex,Yonex RDS 002,98,27.0,10.9,6pts HL,308,22.0,0,65,16 Mains/19 Crosses,Head Light,6
511,Yonex,Yonex RDS 001 Midplus,90,27.0,12.0,9pts HL,321,20.0,0,66,16 Mains/18 Crosses,Head Light,9
513,Yonex,Yonex MP-Tour 1 Midplus,98,27.0,12.0,6pts HL,322,20.0,0,65,16 Mains/19 Crosses,Head Light,6
514,Yonex,Yonex MP-Tour 1 Midsize,90,27.0,12.0,6pts HL,326,20.0,0,64,16 Mains/18 Crosses,Head Light,6
517,Yonex,Yonex RQ Speed 30,102,27.0,9.6,2pts HH,295,27.0,1,67,16 Mains/19 Crosses,Head Heavy,2
524,Yonex,Yonex MP-Tour 1 XF,98,27.5,11.3,5pts HL,329,20.0,0,65,16 Mains/19 Crosses,Head Light,5
525,Yonex,Yonex MP-Tour 5,98,27.5,11.2,10pts HL,309,20.0,0,59,16 Mains/18 Crosses,Head Light,1
568,Yonex,Yonex S-Fit 3,105,27.25,10.2,0pts EB,310,28.0,1,68,16 Mains/19 Crosses,Head Heavy,0
569,Yonex,Yonex S-Fit 1,100,27.0,11.1,6pts HL,305,26.0,1,66,16 Mains/19 Crosses,Head Light,6
570,Yonex,Yonex S-Fit 5,112,27.25,9.9,2pts HH,309,28.0,2,67,16 Mains/19 Crosses,Head Heavy,2
571,Yonex,Yonex S-Fit 1 Lite,100,27.0,10.6,3pts HL,304,26.5,1,69,16 Mains/19 Crosses,Head Light,3
572,Yonex,Yonex RQiS 30,102,27.0,9.6,1pts HL,238,26.0,0,63,16 Mains/18 Crosses,Head Light,1
573,Yonex,Yonex RQiS 10,102,27.5,10.06,2pts HL,320,26.0,1,65,16 Mains/18 Crosses,Head Light,2
574,Yonex,Yonex RDiS 200,98,27.0,11.7,7pts HL,326,22.0,0,61,16 Mains/19 Crosses,Head Light,7
575,Yonex,Yonex RDiS 200 Lite,98,27.0,11.0,4pts HL,315,22.0,1,62,16 Mains/19 Crosses,Head Light,4
576,Yonex,Yonex Ultimum RD Ti 80,98,27.0,12.1,8pts HL,315,20.5,0,60,16 Mains/19 Crosses,Head Light,8
577,Yonex,Yonex V-Con x18,100,27.0,10.5,3pts HH,313,26.5,1,62,16 Mains/18 Crosses,Head Heavy,3
578,Yonex,Yonex EZONE 107,107,27.0,10.4,1pts HL,301,28.5,1,67,16 Mains/18 Crosses,Head Light,1
579,Yonex,Yonex EZONE 100,100,27.0,11.0,6pts HL,300,27.0,0,68,16 Mains/18 Crosses,Head Light,6
580,Yonex,Yonex EZONE 100 Lite,100,27.0,10.2,3pts HL,291,27.0,1,64,16 Mains/18 Crosses,Head Light,3
581,Yonex,Yonex RD Ti 80 Lite,98,27.0,11.6,7pts HL,311,20.5,0,61,16 Mains/19 Crosses,Head Light,7
582,Yonex,Yonex V Core 95 D,95,27.0,11.9,7pts HL,317,21.5,0,63,16 Mains/20 Crosses,Head Light,7
583,Yonex,Yonex V Core 98 D,98,27.0,11.3,6pts HL,309,22.5,0,65,16 Mains/20 Crosses,Head Light,6
584,Yonex,Yonex V Core 100 S,100,27.0,11.1,5pts HL,306,24.5,0,68,16 Mains/19 Crosses,Head Light,5
585,Yonex,Yonex EZONE Team Plus 102,102,27.5,9.8,4pts HL,296,26.5,1,59,16 Mains/18 Crosses,Head Light,4
586,Yonex,Yonex EZONE Team 102,102,27.0,9.7,1pts HH,295,26.5,2,60,16 Mains/18 Crosses,Head Heavy,1
587,Yonex,Yonex EZONE Rally,107,27.0,10.1,1pts HH,293,26.0,2,63,16 Mains/19 Crosses,Head Heavy,1
588,Yonex,Yonex V Core Team,98,27.0,10.4,1pts HL,299,24.0,1,64,16 Mains/20 Crosses,Head Light,1
589,Yonex,Yonex EZONE Xi 98 - 2012,98,27.0,11.5,6pts HL,324,24.5,0,63,16 Mains/19 Crosses,Head Light,6
590,Yonex,Yonex EZONE Xi 100 - 2012,100,27.0,11.0,3pts HL,312,27.0,0,67,16 Mains/18 Crosses,Head Light,3
591,Yonex,Yonex EZONE Xi Lite - 2012,100,27.0,10.2,2pts HL,299,26.5,1,65,16 Mains/18 Crosses,Head Light,2
592,Yonex,Yonex EZONE Xi 107 - 2012,107,27.0,10.5,1pts HL,307,29.0,1,68,16 Mains/18 Crosses,Head Light,1
593,Yonex,Yonex EZONE Xi 115 - 2012,115,27.25,9.5,8pts HH,321,30.0,2,65,16 Mains/18 Crosses,Head Heavy,8
594,Yonex,Yonex EZONE Xi Team+ 102 - 2012,102,27.5,10.0,5pts HL,298,26.5,1,61,16 Mains/18 Crosses,Head Light,5
595,Yonex,Yonex EZONE Xi Rally - 2012,107,27.0,10.2,0pts EB,294,26.0,1,64,16 Mains/19 Crosses,Head Heavy,0
596,Yonex,Yonex EZONE Xi Team 102 - 2012,102,27.0,9.7,0pts EB,292,26.5,1,64,16 Mains/18 Crosses,Head Heavy,0
597,Yonex,Yonex VCORE Tour 97 - 2012,97,27.0,12.3,8pts HL,332,20.5,0,66,16 Mains/20 Crosses,Head Light,8
598,Yonex,Yonex VCORE Tour 89 - 2012,89,27.0,12.1,8pts HL,335,20.5,0,64,16 Mains/20 Crosses,Head Light,8
599,Yonex,Yonex VCORE Tour 97 (310g) - 2012,97,27.0,11.5,7pts HL,314,20.5,0,67,16 Mains/20 Crosses,Head Light,7
601,Tecnifibre,Tecnifibre TFeel 305 XL,97,27.5,11.1,0pts EB,350,22.0,1,68,16 Mains/19 Crosses,Head Heavy,0
602,Tecnifibre,Tecnifibre TFeel 305,97,27.0,11.3,2pts HL,329,22.0,0,68,16 Mains/19 Crosses,Head Light,2
603,Tecnifibre,Tecnifibre TFeel 290 XL,102,27.5,10.5,0pts EB,331,23.0,1,70,14 Mains/18 Crosses,Head Heavy,0
605,Tecnifibre,Tecnifibre TFeel 305 18x20,97,27.0,11.3,2pts HL,331,22.0,0,68,18 Mains/20 Crosses,Head Light,2
606,Tecnifibre,Tecnifibre TFight 320 XL,97,27.5,11.9,5pts HL,336,20.0,0,63,18 Mains/20 Crosses,Head Light,5
607,Tecnifibre,Tecnifibre TFight 325,98,27.4,12.2,12pts HL,335,20.0,0,59,18 Mains/20 Crosses,Head Light,1
608,Tecnifibre,Tecnifibre TFight 315,97,27.0,11.5,6pts HL,318,22.0,0,65,16 Mains/19 Crosses,Head Light,6
609,Tecnifibre,Tecnifibre TFlash 310,100,27.0,11.5,6pts HL,321,24.0,1,67,16 Mains/19 Crosses,Head Light,6
610,Tecnifibre,Tecnifibre Tflash 270 OS,110,27.5,10.2,3pts HL,315,25.0,1,68,16 Mains/20 Crosses,Head Light,3
611,Tecnifibre,Tecnifibre TFlash 310 18x20,100,27.0,11.5,6pts HL,321,24.0,1,67,18 Mains/20 Crosses,Head Light,6
612,Tecnifibre,Tecnifibre TFight 320 16x20,97,27.0,11.7,8pts HL,307,20.0,0,64,16 Mains/20 Crosses,Head Light,8
613,Tecnifibre,Tecnifibre Tfight 335 16x20,97,27.0,12.4,10pts HL,320,20.0,0,63,16 Mains/20 Crosses,Head Light,1
614,Tecnifibre,Tecnifibre TFight 320 18x20,97,27.0,11.7,8pts HL,308,20.0,0,64,18 Mains/20 Crosses,Head Light,8
615,Tecnifibre,Tecnifibre TFight 335 18x20,97,27.0,12.4,10pts HL,320,20.0,0,63,18 Mains/20 Crosses,Head Light,1
616,Tecnifibre,Tecnifibre TFight 325 XL VO2 Max,95,27.5,12.0,14pts HL,340,22.0,0,69,18 Mains/19 Crosses,Head Light,1
617,Tecnifibre,Tecnifibre TFight 325 VO2 Max,95,27.0,12.1,7pts HL,326,22.0,0,68,18 Mains/19 Crosses,Head Light,7
618,Tecnifibre,Tecnifibre TFight 320 VO2 Max,95,27.0,11.9,7pts HL,324,22.0,0,66,16 Mains/19 Crosses,Head Light,7
619,Tecnifibre,Tecnifibre TFlash 315 VO2 Max,100,27.0,11.6,6pts HL,322,25.0,0,61,16 Mains/20 Crosses,Head Light,6
620,Tecnifibre,Tecnifibre TFight 295 VO2 Max,95,27.0,11.0,3pts HL,316,22.0,0,66,16 Mains/19 Crosses,Head Light,3
621,Tecnifibre,Tecnifibre TFlash 290 VO2 Max,100,27.0,10.9,3pts HL,315,24.0,1,69,16 Mains/19 Crosses,Head Light,3
622,Tecnifibre,Tecnifibre TFlash 315 SpeedFlex,100,27.0,11.7,7pts HL,325,24.0,1,70,16 Mains/19 Crosses,Head Light,7
623,Tecnifibre,Tecnifibre TFlash 300 Speedflex,100,27.0,11.1,4pts HL,320,24.0,1,72,16 Mains/19 Crosses,Head Light,4
624,Tecnifibre,Tecnifibre TFight 305 VO2 Max,95,27.0,11.3,3pts HL,323,22.0,0,69,18 Mains/19 Crosses,Head Light,3
625,Tecnifibre,Tecnifibre Rebound Pro,95,27.0,11.0,3pts HL,300,22.0,0,69,16 Mains/19 Crosses,Head Light,3
626,Tecnifibre,Tecnifibre TFight 320 VO2 Max 2012,95,27.0,11.9,7pts HL,324,22.0,0,66,16 Mains/19 Crosses,Head Light,7
627,Tecnifibre,Tecnifibre TFight 255,100,27.0,9.9,0pts EB,296,23.0,1,68,16 Mains/20 Crosses,Head Heavy,0
628,Tecnifibre,Tecnifibre TFight 315 Ltd. 18 Main,98,27.0,11.7,6pts HL,309,20.0,0,61,18 Mains/20 Crosses,Head Light,6
629,Tecnifibre,Tecnifibre TFight 315 Ltd. 16 Main,98,27.0,11.6,7pts HL,301,20.0,0,59,16 Mains/19 Crosses,Head Light,7
630,Tecnifibre,Tecnifibre TRebound 265 Pro\\Racquets 2013,105,27.0,10.1,3pts HH,313,25.0,1,72,16 Mains/19 Crosses,Head Heavy,3
631,Tecnifibre,Tecnifibre TRebound 295 ProRacquets 2013,100,27.0,11.1,2pts HL,330,25.0,0,71,16 Mains/20 Crosses,Head Light,2
632,Tecnifibre,2013/Tecnifibre TFight 295 MP,100,27.0,10.8,3pts HL,308,22.5,0,70,16 Mains/20 Crosses,Head Light,3
633,Tecnifibre,2013/Tecnifibre TFight 295 TP,95,27.0,10.9,3pts HL,309,22.5,0,69,16 Mains/19 Crosses,Head Light,3
634,Tecnifibre,Tecnifibre TFlash 300 ATP,100,27.1,11.2,4pts HL,314,24.5,1,72,16 Mains/19 Crosses,Head Light,4
635,Tecnifibre,Tecnifibre TFlash 315 ATP,100,27.0,11.7,6pts HL,322,24.5,1,71,16 Mains/19 Crosses,Head Light,6
636,Tecnifibre,Tecnifibre TRebound 295 Pro,100,27.0,11.1,4pts HL,314,23.0,0,71,16 Mains/20 Crosses,Head Light,4
637,Tecnifibre,Tecnifibre TFight 295 DYNACORE,100,27.0,10.9,3pts HL,310,23.0,0,68,16 Mains/20 Crosses,Head Light,3
638,Tecnifibre,Tecnifibre TFight 300 DYNACORE,98,27.0,11.2,4pts HL,316,22.0,0,68,16 Mains/19 Crosses,Head Light,4
639,Tecnifibre,Tecnifibre TFight 305 DYNACORE,95,27.0,11.3,4pts HL,313,22.0,0,68,18 Mains/19 Crosses,Head Light,4
640,Tecnifibre,Tecnifibre TFight 315 DYNACORE,98,27.0,11.7,7pts HL,311,22.5,0,67,16 Mains/19 Crosses,Head Light,7
641,Tecnifibre,Tecnifibre TFight 325 DYNACORE ,95,27.0,12.0,7pts HL,316,22.0,0,68,18 Mains/19 Crosses,Head Light,7
642,Tecnifibre,Tecnifibre TFlash 300 Dynacore ATP,100,27.0,11.2,4pts HL,318,24.5,1,71,16 Mains/19 Crosses,Head Light,4
643,Tecnifibre,Tecnifibre TFlash 315 Dynacore ,100,27.0,11.7,7pts HL,319,24.5,0,71,16 Mains/19 Crosses,Head Light,7
645,Tecnifibre,Tecnifibre TFight DC 315,98,27.0,11.7,7pts HL,310,22.5,0,67,19 Mains/19 Crosses,Head Light,7
646,Tecnifibre,Tecnifibre TFight DC 320,98,27.0,11.9,7pts HL,326,22.5,0,68,18 Mains/19 Crosses,Head Light,7
648,Tecnifibre,Tecnifibre TFlash 300 PS,100,27.0,11.2,4pts HL,313,25.0,0,71,16 Mains/19 Crosses,Head Light,4
649,Tecnifibre,Tecnifibre TFlash 285 PS,100,27.0,10.7,1pts HL,307,25.0,0,68,16 Mains/19 Crosses,Head Light,1
650,Tecnifibre,Tecnifibre TFlash 270 PS,100,27.0,10.2,0pts EB,301,25.0,1,68,16 Mains/19 Crosses,Head Heavy,0
651,Tecnifibre,Tecnifibre TFight DC 315 Ltd. (16x19),98,27.0,11.7,7pts HL,308,20.0,0,62,16 Mains/19 Crosses,Head Light,7
652,Tecnifibre,Tecnifibre TFight DC 315 Ltd. (18x20),98,27.0,11.7,7pts HL,310,20.0,0,62,18 Mains/20 Crosses,Head Light,7
656,Tecnifibre,Tecnifibre T. Rebound Tempo 255,100,26.6,9.5,1pts HH,285,25.0,1,68,16 Mains/19 Crosses,Head Heavy,1
657,Tecnifibre,Tecnifibre ATP TFight 265 XTC,100,27.0,9.9,1pts HL,308,23.5,0,66,16 Mains/19 Crosses,Head Light,1
658,Tecnifibre,Tecnifibre ATP TFight 280 XTC,100,27.0,10.5,3pts HL,304,23.5,0,68,16 Mains/19 Crosses,Head Light,3
659,Tecnifibre,Tecnifibre ATP TFight 295 XTC,100,27.0,11.0,3pts HL,317,23.5,0,69,16 Mains/19 Crosses,Head Light,3
660,Tecnifibre,Tecnifibre ATP TFight 300 XTC,98,27.0,11.2,4pts HL,321,22.5,0,69,16 Mains/19 Crosses,Head Light,4
661,Tecnifibre,Tecnifibre ATP TFight 305 XTC,98,27.0,11.4,3pts HL,329,22.5,0,65,18 Mains/19 Crosses,Head Light,3
662,Tecnifibre,Tecnifibre ATP TFight 315 XTC,98,27.0,11.7,7pts HL,314,22.5,0,68,16 Mains/19 Crosses,Head Light,7
664,Tecnifibre,Tecnifibre TFight 315 Ltd. XTC (18x20),98,27.0,11.7,7pts HL,318,20.0,0,64,18 Mains/20 Crosses,Head Light,7
665,Tecnifibre,Tecnifibre TFight 315 Ltd. XTC (16x19)	,98,27.0,11.7,7pts HL,324,20.0,0,64,16 Mains/19 Crosses,Head Light,7
666,Tecnifibre,Tecnifibre T-Rebound 285 Tempo2 TourLite,100,26.6,10.5,2pts HL,294,25.0,0,68,16 Mains/19 Crosses,Head Light,2
667,Tecnifibre,Tecnifibre T-Rebound 270 Tempo2 ProLite,100,26.6,10.0,0pts EB,290,25.0,1,68,16 Mains/19 Crosses,Head Heavy,0
668,Tecnifibre,Tecnifibre T-Rebound 260 Tempo2 PowerLite,105,26.6,9.8,0pts EB,286,25.0,1,64,16 Mains/19 Crosses,Head Heavy,0
669,Tecnifibre,Tecnifibre T-Rebound 275 Tempo2 PowerLite,105,26.6,10.3,1pts HL,282,25.0,0,58,16 Mains/19 Crosses,Head Light,1
670,Tecnifibre,Tecnifibre T-Rebound 265 Tempo2 Fit,102,26.5,9.8,1pts HH,282,25.0,1,60,16 Mains/19 Crosses,Head Heavy,1
671,Tecnifibre,Tecnifibre TF40 305 - 2019,98,27.0,11.3,3pts HL,326,22.0,0,64,18 Mains/20 Crosses,Head Light,3
672,Tecnifibre,Tecnifibre TF40 315 - 2019,98,27.0,11.8,7pts HL,323,22.0,0,64,18 Mains/20 Crosses,Head Light,7
673,Tecnifibre,Tecnifibre TFlash 300 CES,100,27.0,11.3,6pts HL,320,26.0,0,72,16 Mains/19 Crosses,Head Light,6
674,Tecnifibre,Tecnifibre TFlash 285 CES,100,27.0,10.7,1pts HL,309,26.0,0,72,16 Mains/19 Crosses,Head Light,1
675,Tecnifibre,Tecnifibre TFlash 270 CES,100,27.0,10.2,0pts EB,309,26.0,1,72,16 Mains/19 Crosses,Head Heavy,0
676,Tecnifibre,Tecnifibre TFlash 255 CES,100,27.0,9.6,0pts EB,305,26.0,1,70,16 Mains/19 Crosses,Head Heavy,0
677,Tecnifibre,Tecnifibre T-Rebound 285 Tempo3 TourLite,100,26.6,10.5,4pts HL,298,25.0,0,69,16 Mains/19 Crosses,Head Light,4
678,Tecnifibre,Tecnifibre T-Rebound 270 Tempo3,100,26.6,10.0,0pts EB,285,25.0,1,71,16 Mains/19 Crosses,Head Heavy,0
679,Tecnifibre,Tecnifibre T-Rebound 260 Tempo3,105,26.6,9.8,1pts HL,283,25.0,0,68,16 Mains/19 Crosses,Head Light,1
680,Tecnifibre,Tecnifibre TFight 280 RS,100,27.0,10.5,3pts HL,307,23.5,0,69,16 Mains/19 Crosses,Head Light,3
681,Tecnifibre,Tecnifibre TFight 295 RS - 2020,100,27.0,11.0,3pts HL,318,23.5,0,70,16 Mains/19 Crosses,Head Light,3
682,Tecnifibre,Tecnifibre TFight 300 RS - 2020,98,27.0,11.2,4pts HL,319,23.0,0,66,16 Mains/19 Crosses,Head Light,4
683,Tecnifibre,Tecnifibre TFight 305 RS - 2020,98,27.0,11.4,3pts HL,333,23.0,0,67,18 Mains/19 Crosses,Head Light,3
684,Tecnifibre,Tecnifibre TFight 315 RS - 2020,98,27.0,11.7,7pts HL,321,23.0,0,69,16 Mains/19 Crosses,Head Light,7
685,Tecnifibre,Tecnifibre T-Rebound 298 IGA - 2021,98,27.0,11.0,4pts HL,319,23.0,0,71,16 Mains/19 Crosses,Head Light,4
686,Tecnifibre,Tecnifibre TF-X1 300 - 2021,100,27.0,11.1,4pts HL,323,24.0,0,71,16 Mains/19 Crosses,Head Light,4
687,Tecnifibre,Tecnifibre TF-X1 285 - 2021,100,27.0,10.5,2pts HL,316,24.0,0,71,16 Mains/19 Crosses,Head Light,2
688,Tecnifibre,Tecnifibre TF-X1 275 - 2021,105,27.0,10.2,1pts HL,310,25.5,0,69,16 Mains/19 Crosses,Head Light,1
689,Tecnifibre,Tecnifibre TF40 315 (16x19) - 2022,98,27.0,11.7,8pts HL,313,22.0,0,64,16 Mains/19 Crosses,Head Light,8
690,Tecnifibre,Tecnifibre TF40 305 (18x20) - 2022,98,27.0,11.4,3pts HL,328,22.0,0,64,18 Mains/20 Crosses,Head Light,3
691,Tecnifibre,Tecnifibre TF40 305 16x19 - 2022,98,27.0,11.3,3pts HL,321,22.0,0,64,16 Mains/19 Crosses,Head Light,3
692,Tecnifibre,Tecnifibre Tempo 298 IGA -2022,98,27.0,11.0,4pts HL,319,23.0,0,71,16 Mains/19 Crosses,Head Light,4
693,Volkl,Volkl Boris Becker 10,100,27.6,11.1,5pts HL,322,23.0,1,65,16 Mains/18 Crosses,Head Light,5
694,Volkl,Volkl DNX 10 Mid,93,27.0,12.0,12pts HL,331,19.0,0,58,16 Mains/19 Crosses,Head Light,1
699,Volkl,Volkl DNX 4,105,27.6,10.3,3pts HL,309,25.0,1,65,16 Mains/19 Crosses,Head Light,3
700,Volkl,Volkl Tour 8 V-Engine,100,27.6,10.9,6pts HL,315,24.0,0,69,16 Mains/18 Crosses,Head Light,6
705,Volkl,Volkl Tour 6 Generation II,100,27.0,10.4,4pts HL,300,24.0,0,61,16 Mains/18 Crosses,Head Light,4
706,Volkl,Volkl C10 Pro,98,27.0,12.2,8pts HL,323,20.0,0,63,16 Mains/19 Crosses,Head Light,8
707,Volkl,Volkl Tour 10 Midplus Generation II,98,27.0,12.0,9pts HL,315,20.0,0,61,16 Mains/19 Crosses,Head Light,9
708,Volkl,Volkl Boris Becker 1,112,27.25,9.6,5pts HH,313,29.0,2,66,16 Mains/19 Crosses,Head Heavy,5
709,Volkl,Volkl Tour 9 V-Engine (16x19),98,27.0,11.5,5pts HL,308,22.0,0,64,16 Mains/19 Crosses,Head Light,5
710,Volkl,Volkl DNX 10 Midplus,93,27.0,12.0,12pts HL,331,19.0,0,58,16 Mains/19 Crosses,Head Light,1
712,Volkl,Volkl Boris Becker 5,105,27.0,10.0,0pts EB,300,25.0,1,64,16 Mains/19 Crosses,Head Heavy,0
713,Volkl,Volkl Catapult 4 Generation II,105,27.5,10.2,4pts HL,300,25.0,1,65,16 Mains/19 Crosses,Head Light,4
714,Volkl,Volkl Tour 9 V-Engine,98,27.0,11.4,6pts HL,306,22.0,0,63,18 Mains/20 Crosses,Head Light,6
716,Volkl,Volkl Tour 10 V-Engine Mid,93,27.0,12.2,8pts HL,318,18.0,0,60,18 Mains/20 Crosses,Head Light,8
720,Volkl,Volkl Tour 5,105,27.0,9.6,0pts EB,290,23.0,1,61,16 Mains/19 Crosses,Head Heavy,0
724,Volkl,Volkl C-10 Pro Tour,93,27.0,12.4,6pts HL,339,20.0,0,61,16 Mains/19 Crosses,Head Light,6
727,Volkl,Volkl C-8 ,98,27.0,11.0,3pts HL,315,21.0,0,62,16 Mains/19 Crosses,Head Light,3
728,Volkl,Volkl C-9 Pro,98,27.0,11.5,5pts HL,309,20.0,0,60,16 Mains/19 Crosses,Head Light,5
734,Volkl,Volkl Catapult 4,105,27.5,10.3,4pts HL,300,25.0,1,65,16 Mains/19 Crosses,Head Light,4
735,Volkl,Volkl Catapult 6,100,27.25,10.5,3pts HL,305,24.0,1,62,16 Mains/18 Crosses,Head Light,3
736,Volkl,Volkl Catapult 7,100,27.6,11.0,3pts HL,310,24.0,1,64,16 Mains/18 Crosses,Head Light,3
747,Volkl,Volkl Quantum 10 Tour,98,27.0,11.5,6pts HL,306,20.0,0,64,18 Mains/20 Crosses,Head Light,6
749,Volkl,Volkl Quantum 5,110,27.5,10.1,3pts HL,300,27.0,1,68,16 Mains/19 Crosses,Head Light,3
750,Volkl,Volkl Quantum 8,102,27.6,10.3,2pts HL,318,24.0,0,65,16 Mains/19 Crosses,Head Light,2
754,Volkl,Volkl Tour 10 Mid,93,27.0,12.0,6pts HL,327,20.0,0,59,18 Mains/20 Crosses,Head Light,6
755,Volkl,Volkl Tour 10 Midplus,98,27.0,11.7,5pts HL,328,20.0,0,62,16 Mains/19 Crosses,Head Light,5
756,Volkl,Volkl Tour 10 V-Engine Midplus,98,27.0,11.9,7pts HL,320,20.0,0,62,16 Mains/19 Crosses,Head Light,7
758,Volkl,Volkl Tour 7,107,27.0,11.1,5pts HL,305,22.0,0,63,16 Mains/19 Crosses,Head Light,5
759,Volkl,Volkl Tour 8,100,27.6,10.9,6pts HL,307,20.0,0,70,16 Mains/18 Crosses,Head Light,6
761,Volkl,Volkl Tour 8 S.E.,100,27.0,10.3,4pts HL,290,20.0,0,62,16 Mains/18 Crosses,Head Light,4
762,Volkl,Volkl Tour 9,98,27.0,11.3,6pts HL,300,20.0,0,68,16 Mains/19 Crosses,Head Light,6
767,Volkl,Volkl X-10 Pro,98,27.5,11.4,11pts HL,307,20.0,0,61,16 Mains/19 Crosses,Head Light,1
773,Volkl,Volkl Power Bridge 10 MP,98,27.0,12.0,7pts HL,320,19.0,0,64,18 Mains/20 Crosses,Head Light,7
775,Volkl,Volkl Catapult V10 V-Engine,102,27.0,11.8,6pts HL,334,28.0,0,67,16 Mains/19 Crosses,Head Light,6
776,Volkl,Volkl Power Bridge 3,110,27.8,10.2,1pts HL,339,27.0,2,68,16 Mains/19 Crosses,Head Light,1
777,Volkl,Volkl Power Bridge V1 Midplus,102,27.0,10.5,2pts HL,310,25.0,1,68,16 Mains/19 Crosses,Head Light,2
778,Volkl,Volkl Power Bridge V1 Oversize,110,27.6,10.5,3pts HL,320,26.0,1,68,16 Mains/19 Crosses,Head Light,3
779,Volkl,Volkl Quantum Scorcher,102,27.0,10.0,6pts HL,285,25.0,0,61,16 Mains/19 Crosses,Head Light,6
780,Volkl,Volkl Power Bridge 10 Mid,93,27.0,12.1,10pts HL,320,19.0,0,59,16 Mains/19 Crosses,Head Light,1
781,Volkl,Volkl C10 Pro,98,27.0,12.2,8pts HL,323,20.0,0,63,16 Mains/19 Crosses,Head Light,8
782,Volkl,Volkl Power Bridge 2,115,27.6,10.0,2pts HH,325,28.0,2,70,16 Mains/19 Crosses,Head Heavy,2
783,Volkl,Volkl Power Bridge 9,98,27.0,11.3,6pts HL,306,21.0,0,66,16 Mains/19 Crosses,Head Light,6
784,Volkl,Volkl Power Bridge 5,102,27.0,10.6,4pts HL,302,25.0,1,65,16 Mains/19 Crosses,Head Light,4
785,Volkl,Volkl Tour Scorcher,100,27.0,9.9,2pts HH,293,23.0,1,60,16 Mains/18 Crosses,Head Heavy,2
786,Volkl,Volkl Power Bridge 8 315,100,27.0,11.4,8pts HL,302,24.0,0,70,16 Mains/18 Crosses,Head Light,8
787,Volkl,Volkl Power Bridge 7,107,27.3,10.5,1pts HL,309,23.0,1,67,16 Mains/19 Crosses,Head Light,1
788,Volkl,Volkl Power Bridge 9 Junior 26,102,26.0,9.5,3pts HH,240,24.0,1,58,16 Mains/19 Crosses,Head Heavy,3
789,Volkl,Volkl Organix 8 (300g) - 2011,100,27.0,11.4,4pts HL,330,23.5,1,68,16 Mains/18 Crosses,Head Light,4
790,Volkl,Volkl Organix 6 - 2011,100,27.0,10.22,0pts EB,306,24.0,2,65,16 Mains/18 Crosses,Head Heavy,0
791,Volkl,Volkl Organix 4 - 2011,105,27.6,10.2,5pts HL,306,25.0,1,65,16 Mains/19 Crosses,Head Light,5
792,Volkl,Volkl Organix 10 325g - 2011,98,27.0,12.1,7pts HL,317,20.0,0,64,16 Mains/19 Crosses,Head Light,7
